1;0
1;0
1;0
1;0
1;0
1;0
1;0
1;0
1;0
1;0
1;0
1;0
1;0
1;0
1;0
1;0
1;0
1;0
1;0
1;0
1;0
1;0
1;0
1;0
1;0
1;0
1;0
1;0
1;0
1;0
2;0
2;1
2;1
2;2
2;2
2;3
2;3
2;4
2;4
2;5
2;5
2;6
2;6
2;7
2;7
2;8
2;8
2;9
2;9
2;10
2;10
2;11
2;11
2;12
2;12
2;13
2;13
2;14
2;14
2;15
3;10
3;11
3;12
3;12
3;13
3;14
3;14
3;15
3;16
3;16
3;17
3;18
3;18
3;19
3;20
3;20
3;21
3;22
3;22
3;23
3;23
3;24
3;7
3;24
3;17
3;25
3;8
3;8
3;8
3;9
4;7
4;7
4;8
4;8
4;9
4;9
4;10
4;10
4;11
4;11
4;12
4;12
4;13
4;13
4;14
4;14
4;15
4;15
4;16
4;16
4;17
4;17
4;18
4;18
4;19
4;19
4;20
4;20
4;21
4;21
5;18
5;18
5;19
5;19
5;20
5;21
5;21
5;22
5;22
5;23
5;24
5;24
5;25
5;25
5;26
5;27
5;27
5;28
5;28
5;29
5;30
5;30
5;31
5;31
5;32
5;33
5;33
5;34
5;34
5;35
6;30
6;30
6;31
6;32
6;32
6;33
6;34
6;34
6;35
6;36
6;36
6;37
6;47
6;47
6;48
6;48
6;36
6;49
6;42
6;50
6;47
6;51
6;33
6;34
6;34
6;35
6;35
6;36
6;36
6;37
7;32
7;33
7;33
7;34
7;34
7;35
7;36
7;36
7;37
7;37
7;38
7;38
7;39
7;40
7;40
7;41
7;41
7;42
7;42
7;43
7;44
7;44
7;45
7;45
7;46
7;46
7;47
7;48
7;48
7;49
8;43
8;44
8;44
8;45
8;46
8;46
8;47
8;48
8;48
8;49
8;49
8;50
8;51
8;51
8;52
8;53
8;53
8;54
8;54
8;55
8;56
8;70
8;70
8;71
8;65
8;72
8;69
8;73
8;55
8;56
9;50
9;51
9;51
9;52
9;52
9;53
9;53
9;54
9;55
9;55
9;56
9;56
9;57
9;57
9;58
9;58
9;59
9;60
9;60
9;61
9;61
9;62
9;62
9;63
9;63
9;64
9;65
9;65
9;66
9;66
10;60
10;61
10;61
10;62
10;63
10;63
10;64
10;64
10;65
10;66
10;66
10;67
10;67
10;68
10;69
10;84
10;84
10;85
10;80
10;86
10;84
10;87
10;70
10;71
10;71
10;72
10;72
10;73
10;73
10;74
11;68
11;68
11;69
11;69
11;70
11;70
11;71
11;71
11;72
11;72
11;73
11;74
11;74
11;75
11;75
11;76
11;76
11;77
11;77
11;78
11;78
11;79
11;80
11;80
11;81
11;81
11;82
11;82
11;83
11;83
12;77
12;78
12;78
12;93
12;93
12;94
12;91
12;95
12;95
12;96
12;81
12;81
12;82
12;82
12;83
12;83
12;84
12;84
12;85
12;85
12;86
12;86
12;87
12;87
12;88
12;88
12;89
12;89
12;90
12;90
13;84
13;84
13;85
13;85
13;86
13;86
13;87
13;88
13;88
13;89
13;89
13;90
13;90
13;91
13;91
13;92
13;92
13;93
13;93
13;94
13;95
13;95
13;96
13;96
13;97
13;97
13;98
13;98
13;99
13;99
14;93
14;93
14;94
14;108
14;108
14;109
14;107
14;110
14;110
14;111
14;96
14;96
14;97
14;97
14;98
14;98
14;99
14;99
14;100
14;100
14;101
14;101
14;102
14;102
14;103
14;103
14;104
14;104
14;105
14;105
15;99
15;99
15;100
15;100
15;101
15;102
15;102
15;103
15;103
15;104
15;104
15;105
15;105
15;106
15;106
15;107
15;107
15;108
15;123
15;123
15;123
15;124
15;110
15;110
15;110
15;111
15;111
15;112
15;112
15;113
16;106
16;107
16;107
16;108
16;108
16;109
16;109
16;110
16;110
16;111
16;111
16;112
16;112
16;113
16;113
16;114
16;114
16;129
16;129
16;129
16;130
16;117
16;117
16;117
16;118
16;118
16;119
16;119
16;120
16;120
17;113
17;114
17;114
17;115
17;115
17;116
17;116
17;117
17;117
17;118
17;118
17;119
17;119
17;120
17;120
17;120
17;121
17;121
17;122
17;122
17;123
17;123
17;124
17;124
17;125
17;125
17;126
17;126
17;127
17;127
18;120
18;121
18;121
18;122
18;122
18;123
18;123
18;137
18;137
18;138
18;136
18;138
18;138
18;139
18;126
18;126
18;127
18;127
18;128
18;128
18;128
18;129
18;129
18;130
18;130
18;131
18;131
18;132
18;132
18;132
19;126
19;126
19;127
19;127
19;128
19;128
19;129
19;129
19;130
19;130
19;131
19;131
19;132
19;132
19;133
19;133
19;134
19;134
19;134
19;135
19;135
19;136
19;136
19;137
19;137
19;138
19;138
19;139
19;139
19;153
20;146
20;146
20;145
20;147
20;147
20;148
20;135
20;135
20;136
20;136
20;137
20;137
20;137
20;138
20;138
20;139
20;139
20;140
20;140
20;141
20;141
20;141
20;142
20;142
20;143
20;143
20;144
20;144
20;145
20;145
21;139
21;139
21;140
21;140
21;141
21;154
21;154
21;155
21;155
21;143
21;143
21;143
21;144
21;144
21;145
21;145
21;146
21;146
21;146
21;147
21;147
21;148
21;148
21;149
21;149
21;149
21;150
21;150
21;151
21;151
22;145
22;145
22;146
22;146
22;147
22;147
22;147
22;148
22;148
22;149
22;149
22;150
22;150
22;151
22;151
22;152
22;152
22;152
22;153
22;153
22;154
22;154
22;155
22;155
22;156
22;156
22;157
22;157
22;157
22;158
23;151
23;152
23;152
23;153
23;153
23;154
23;154
23;155
23;155
23;156
23;168
23;169
23;169
23;168
23;170
23;170
23;171
23;158
23;158
23;159
23;159
23;159
23;160
23;160
23;161
23;161
23;162
23;162
23;162
23;163
24;157
24;157
24;157
24;158
24;158
24;159
24;159
24;160
24;160
24;161
24;161
24;162
24;162
24;162
24;163
24;163
24;164
24;164
24;165
24;165
24;166
24;166
24;167
24;167
24;168
24;168
24;168
24;169
24;169
24;170
25;163
25;164
25;164
25;165
25;165
25;166
25;179
25;179
25;180
25;179
25;181
25;181
25;182
25;168
25;169
25;169
25;170
25;170
25;171
25;171
25;171
25;172
25;172
25;173
25;173
25;174
25;174
25;175
25;175
25;175
26;169
26;170
26;170
26;171
26;171
26;171
26;172
26;172
26;173
26;173
26;174
26;174
26;175
26;175
26;176
26;176
26;177
26;177
26;177
26;178
26;178
26;179
26;179
26;180
26;180
26;181
26;181
26;182
26;182
26;183
27;176
27;177
27;177
27;178
27;178
27;179
27;179
27;180
27;180
27;181
27;181
27;182
27;182
27;182
27;183
27;183
27;184
27;197
27;197
27;198
27;197
27;199
27;198
27;200
27;186
27;186
27;187
27;187
27;188
27;188
28;182
28;182
28;183
28;183
28;184
28;184
28;185
28;185
28;186
28;186
28;187
28;187
28;188
28;188
28;188
28;189
28;189
28;190
28;190
28;191
28;191
28;192
28;192
28;193
28;193
28;194
28;194
28;194
28;195
28;195
29;189
29;190
29;190
29;191
29;191
29;192
29;192
29;193
29;193
29;193
29;194
29;194
29;195
29;195
29;196
29;210
29;210
29;210
29;209
29;211
29;211
29;212
29;199
29;199
29;199
29;200
29;200
29;201
29;201
29;202
30;195
30;196
30;196
30;197
30;197
30;198
30;198
30;199
30;199
30;200
30;200
30;201
30;201
30;201
30;202
30;202
30;203
30;203
30;204
30;204
30;205
30;205
30;206
30;206
30;207
30;207
30;208
30;222
30;222
30;222
31;216
31;216
31;217
31;217
31;204
31;204
31;205
31;205
31;206
31;206
31;207
31;207
31;208
31;208
31;209
31;209
31;209
31;210
31;210
31;211
31;211
31;212
31;212
31;213
31;213
31;213
31;214
31;214
31;215
31;215
32;209
32;209
32;210
32;210
32;211
32;211
32;212
32;212
32;213
32;213
32;214
32;214
32;215
32;215
32;216
32;216
32;217
32;217
32;217
32;218
32;232
32;232
32;232
32;233
32;220
32;220
32;220
32;221
32;221
32;222
33;215
33;216
33;216
33;217
33;217
33;218
33;218
33;219
33;219
33;220
33;220
33;220
33;221
33;221
33;222
33;222
33;223
33;223
33;224
33;224
33;225
33;225
33;225
33;226
33;226
33;227
33;227
33;228
33;228
33;229
34;222
34;223
34;223
34;224
34;224
34;225
34;225
34;226
34;226
34;227
34;227
34;228
34;228
34;228
34;229
34;229
34;230
34;230
34;231
34;231
34;245
34;245
34;246
34;245
34;246
34;246
34;247
34;234
34;234
34;235
35;228
35;229
35;229
35;230
35;230
35;231
35;231
35;232
35;232
35;233
35;233
35;234
35;234
35;234
35;235
35;235
35;236
35;236
35;237
35;237
35;238
35;238
35;239
35;239
35;239
35;240
35;254
35;254
35;254
35;255
36;249
36;249
36;249
36;237
36;237
36;237
36;238
36;238
36;239
36;239
36;240
36;240
36;241
36;241
36;241
36;242
36;242
36;243
36;243
36;244
36;244
36;245
36;245
36;245
36;246
36;246
36;247
36;247
36;248
36;248
37;242
37;242
37;243
37;243
37;244
37;244
37;245
37;245
37;246
37;246
37;246
37;247
37;247
37;248
37;248
37;249
37;249
37;250
37;250
37;251
37;251
37;251
37;252
37;252
37;253
37;253
37;267
37;267
37;267
37;268
38;261
38;262
38;262
38;249
38;250
38;250
38;251
38;251
38;252
38;252
38;252
38;253
38;253
38;254
38;254
38;255
38;255
38;256
38;256
38;257
38;257
38;257
38;258
38;258
38;259
38;259
38;260
38;260
38;261
38;261
39;255
39;255
39;256
39;256
39;257
39;257
39;258
39;258
39;258
39;259
39;259
39;260
39;260
39;261
39;261
39;262
39;262
39;263
39;263
39;264
39;264
39;264
39;265
39;265
39;266
39;266
39;267
39;267
39;268
39;268
40;262
40;262
40;263
40;263
40;264
40;264
40;277
40;278
40;278
40;278
40;279
40;279
40;280
40;267
40;267
40;268
40;268
40;269
40;269
40;270
40;270
40;270
40;271
40;271
40;272
40;272
40;273
40;273
40;274
40;274
41;268
41;268
41;269
41;269
41;270
41;270
41;271
41;271
41;272
41;272
41;272
41;273
41;273
41;274
41;274
41;275
41;275
41;276
41;276
41;277
41;277
41;278
41;278
41;279
41;279
41;279
41;293
41;294
41;294
41;295
42;288
42;289
42;289
42;276
42;276
42;277
42;277
42;278
42;278
42;279
42;279
42;279
42;280
42;280
42;281
42;281
42;295
42;283
42;283
42;283
42;284
42;284
42;285
42;285
42;286
42;286
42;286
42;287
42;287
42;288
43;281
43;282
43;282
43;283
43;283
43;284
43;284
43;285
43;285
43;285
43;286
43;286
43;287
43;287
43;288
43;288
43;288
43;289
43;289
43;290
43;290
43;291
43;291
43;292
43;292
43;292
43;293
43;293
43;307
43;307
44;301
44;300
44;301
44;302
44;302
44;290
44;290
44;291
44;291
44;291
44;292
44;292
44;293
44;293
44;294
44;294
44;294
44;295
44;295
44;296
44;296
44;297
44;297
44;297
44;298
44;298
44;299
44;299
44;300
44;300
45;294
45;294
45;295
45;295
45;296
45;296
45;296
45;297
45;297
45;311
45;311
45;311
45;312
45;299
45;300
45;300
45;301
45;301
45;301
45;302
45;302
45;303
45;303
45;304
45;304
45;304
45;305
45;305
45;306
45;306
46;300
46;300
46;301
46;301
46;302
46;302
46;302
46;303
46;303
46;304
46;304
46;305
46;305
46;306
46;306
46;306
46;307
46;307
46;308
46;308
46;309
46;309
46;309
46;310
46;310
46;311
46;311
46;312
46;312
46;312
47;306
47;307
47;307
47;308
47;308
47;308
47;309
47;309
47;310
47;310
47;311
47;311
47;312
47;324
47;325
47;325
47;325
47;326
47;326
47;327
47;314
47;315
47;315
47;316
47;316
47;316
47;317
47;317
47;318
47;318
48;312
48;312
48;313
48;313
48;314
48;314
48;315
48;315
48;315
48;316
48;316
48;317
48;317
48;318
48;318
48;318
48;319
48;319
48;320
48;320
48;321
48;321
48;322
48;322
48;322
48;323
48;323
48;324
48;324
48;325
49;318
49;319
49;332
49;332
49;333
49;332
49;334
49;334
49;334
49;322
49;322
49;323
49;323
49;324
49;324
49;324
49;325
49;325
49;326
49;326
49;327
49;327
49;327
49;328
49;341
49;329
49;329
49;330
49;330
49;331
50;324
50;325
50;325
50;326
50;326
50;327
50;327
50;327
50;328
50;328
50;329
50;329
50;329
50;330
50;330
50;331
50;331
50;332
50;332
50;332
50;333
50;333
50;334
50;334
50;335
50;335
50;335
50;336
50;349
50;349
51;343
51;342
51;343
51;344
51;344
51;332
51;333
51;333
51;334
51;334
51;334
51;335
51;335
51;336
51;336
51;336
51;337
51;337
51;338
51;338
51;338
51;339
51;339
51;340
51;340
51;341
51;341
51;341
51;342
51;342
52;336
52;336
52;337
52;337
52;338
52;338
52;339
52;339
52;339
52;340
52;340
52;341
52;341
52;341
52;342
52;342
52;343
52;343
52;344
52;344
52;344
52;345
52;345
52;346
52;346
52;347
52;347
52;347
52;348
52;348
53;342
53;343
53;343
53;343
53;344
53;344
53;345
53;345
53;346
53;346
53;346
53;347
53;347
53;348
53;348
53;349
53;349
53;349
53;350
53;362
53;363
53;363
53;363
53;364
53;364
53;365
53;352
53;353
53;353
53;354
54;347
54;348
54;348
54;349
54;349
54;350
54;350
54;350
54;351
54;351
54;352
54;352
54;353
54;353
54;353
54;354
54;354
54;355
54;355
54;356
54;356
54;356
54;357
54;357
54;358
54;358
54;358
54;359
54;359
54;360
55;354
55;354
55;355
55;367
55;368
55;368
55;368
55;369
55;369
55;370
55;358
55;358
55;358
55;359
55;359
55;360
55;360
55;361
55;361
55;361
55;362
55;362
55;363
55;363
55;363
55;364
55;364
55;365
55;365
55;366
56;359
56;360
56;360
56;361
56;361
56;362
56;362
56;362
56;363
56;363
56;364
56;364
56;365
56;365
56;365
56;366
56;366
56;367
56;367
56;368
56;368
56;368
56;369
56;369
56;382
56;383
56;383
56;383
56;371
56;371
57;365
57;366
57;366
57;367
57;367
57;367
57;368
57;368
57;369
57;369
57;370
57;370
57;370
57;371
57;371
57;372
57;372
57;373
57;373
57;373
57;374
57;374
57;375
57;375
57;375
57;376
57;376
57;377
57;377
57;378
58;372
58;372
58;372
58;373
58;373
58;374
58;374
58;375
58;375
58;375
58;376
58;376
58;377
58;377
58;378
58;378
58;378
58;379
58;379
58;380
58;380
58;381
58;381
58;381
58;382
58;382
58;383
58;383
58;384
58;384
59;378
59;378
59;379
59;379
59;380
59;392
59;393
59;393
59;394
59;393
59;394
59;394
59;395
59;395
59;396
59;384
59;384
59;384
59;385
59;385
59;386
59;386
59;387
59;387
59;387
59;388
59;388
59;389
59;389
59;390
60;383
60;384
60;384
60;385
60;385
60;386
60;386
60;386
60;387
60;387
60;388
60;388
60;389
60;389
60;390
60;390
60;390
60;391
60;391
60;392
60;392
60;393
60;393
60;393
60;394
60;394
60;395
60;395
60;396
60;396
61;390
61;390
61;391
61;391
61;392
61;392
61;393
61;393
61;393
61;394
61;394
61;395
61;408
61;408
61;409
61;408
61;409
61;410
61;410
61;398
61;398
61;399
61;399
61;399
61;400
61;400
61;401
61;401
61;402
61;402
62;396
62;396
62;397
62;397
62;398
62;398
62;399
62;399
62;399
62;400
62;400
62;401
62;401
62;402
62;402
62;402
62;403
62;403
62;404
62;404
62;405
62;405
62;405
62;406
62;406
62;407
62;407
62;408
62;408
62;409
63;402
63;403
63;403
63;404
63;404
63;405
63;405
63;406
63;406
63;419
63;420
63;420
63;420
63;421
63;421
63;422
63;409
63;409
63;410
63;410
63;411
63;411
63;412
63;412
63;412
63;413
63;413
63;414
63;414
63;415
64;409
64;409
64;409
64;410
64;410
64;411
64;411
64;412
64;412
64;413
64;413
64;413
64;414
64;414
64;415
64;415
64;416
64;416
64;416
64;417
64;417
64;418
64;418
64;419
64;419
64;420
64;420
64;420
64;421
64;421
65;415
65;416
65;416
65;417
65;417
65;417
65;418
65;418
65;419
65;419
65;420
65;420
65;421
65;421
65;421
65;422
65;422
65;435
65;436
65;436
65;436
65;437
65;437
65;438
65;425
65;426
65;426
65;427
65;427
65;427
66;421
66;422
66;422
66;423
66;423
66;424
66;424
66;424
66;425
66;425
66;426
66;426
66;427
66;427
66;427
66;428
66;428
66;429
66;429
66;430
66;430
66;431
66;431
66;431
66;432
66;432
66;433
66;433
66;434
66;434
67;428
67;441
67;442
67;442
67;442
67;443
67;443
67;444
67;431
67;432
67;432
67;433
67;433
67;433
67;434
67;434
67;435
67;435
67;436
67;436
67;437
67;437
67;437
67;438
67;438
67;439
67;439
67;440
67;440
67;440
68;434
68;435
68;435
68;436
68;436
68;437
68;437
68;437
68;438
68;438
68;439
68;439
68;440
68;440
68;441
68;441
68;441
68;455
68;455
68;455
68;456
68;443
68;444
68;444
68;445
68;445
68;446
68;446
68;446
68;447
69;441
69;441
69;442
69;442
69;442
69;443
69;443
69;444
69;444
69;445
69;445
69;446
69;459
69;459
69;459
69;460
69;448
69;461
69;449
69;462
69;450
69;451
69;451
69;451
69;452
69;452
69;452
69;453
69;453
69;454
70;448
70;448
70;448
70;449
70;449
70;450
70;450
70;450
70;451
70;451
70;452
70;452
70;452
70;453
70;453
70;465
70;466
70;466
70;467
70;455
70;456
70;456
70;456
70;457
70;457
70;457
70;458
70;458
70;459
70;459
71;453
71;453
71;454
71;454
71;454
71;455
71;455
71;456
71;456
71;456
71;457
71;457
71;458
71;458
71;458
71;459
71;459
71;460
71;460
71;460
71;461
71;461
71;462
71;462
71;462
71;463
71;463
71;475
71;476
71;476
72;470
72;470
72;470
72;471
72;460
72;460
72;460
72;461
72;461
72;462
72;462
72;462
72;463
72;463
72;463
72;464
72;464
72;465
72;465
72;465
72;466
72;466
72;467
72;467
72;467
72;468
72;468
72;480
72;469
72;469
73;463
73;464
73;464
73;464
73;465
73;465
73;466
73;466
73;466
73;467
73;467
73;468
73;468
73;468
73;469
73;469
73;469
73;470
73;470
73;471
73;471
73;471
73;472
73;472
73;473
73;473
73;473
73;474
73;474
73;474
74;468
74;469
74;469
74;470
74;470
74;470
74;471
74;471
74;472
74;472
74;484
74;484
74;484
74;484
74;485
74;485
74;486
74;475
74;475
74;475
74;476
74;476
74;477
74;477
74;477
74;478
74;478
74;479
74;479
74;479
75;473
75;474
75;474
75;474
75;475
75;475
75;476
75;476
75;476
75;477
75;477
75;478
75;478
75;478
75;479
75;479
75;479
75;480
75;480
75;481
75;481
75;481
75;482
75;482
75;483
75;483
75;483
75;484
75;484
75;484
76;478
76;479
76;479
76;480
76;480
76;480
76;481
76;481
76;482
76;482
76;482
76;483
76;494
76;495
76;495
76;495
76;496
76;496
76;497
76;485
76;486
76;486
76;487
76;487
76;487
76;488
76;488
76;489
76;489
76;489
77;483
77;484
77;484
77;484
77;485
77;485
77;497
77;498
77;498
77;498
77;487
77;488
77;488
77;488
77;489
77;489
77;490
77;490
77;490
77;491
77;491
77;491
77;492
77;492
77;493
77;493
77;493
77;494
77;494
77;494
78;488
78;489
78;489
78;490
78;490
78;490
78;491
78;491
78;492
78;492
78;492
78;493
78;493
78;493
78;494
78;494
78;495
78;506
78;507
78;507
78;507
78;496
78;497
78;497
78;497
78;498
78;498
78;499
78;499
78;499
79;493
79;494
79;494
79;495
79;495
79;495
79;496
79;496
79;496
79;497
79;497
79;498
79;498
79;498
79;499
79;499
79;499
79;500
79;500
79;501
79;501
79;501
79;502
79;502
79;503
79;503
79;503
79;504
79;504
79;504
80;498
80;499
80;499
80;500
80;500
80;500
80;501
80;501
80;502
80;502
80;502
80;503
80;503
80;504
80;504
80;504
80;505
80;505
80;505
80;517
80;517
80;518
80;517
80;518
80;519
80;519
80;508
80;508
80;509
80;509
81;503
81;504
81;504
81;504
81;505
81;505
81;506
81;506
81;506
81;507
81;507
81;507
81;508
81;508
81;509
81;509
81;509
81;510
81;510
81;511
81;511
81;511
81;512
81;512
81;512
81;513
81;513
81;514
81;514
81;514
82;508
82;509
82;509
82;510
82;510
82;522
82;522
82;522
82;522
82;523
82;523
82;524
82;513
82;513
82;514
82;514
82;514
82;515
82;515
82;516
82;516
82;516
82;517
82;517
82;517
82;518
82;518
82;519
82;519
82;519
83;513
83;514
83;514
83;515
83;515
83;515
83;516
83;516
83;516
83;517
83;517
83;518
83;518
83;518
83;519
83;519
83;520
83;520
83;520
83;521
83;521
83;522
83;522
83;522
83;523
83;523
83;523
83;524
83;536
83;536
84;530
84;530
84;531
84;531
84;531
84;520
84;521
84;521
84;521
84;522
84;522
84;523
84;523
84;523
84;524
84;524
84;525
84;525
84;525
84;526
84;526
84;526
84;527
84;527
84;528
84;528
84;528
84;529
84;529
84;529
85;524
85;524
85;524
85;525
85;525
85;526
85;526
85;526
85;527
85;527
85;528
85;528
85;528
85;529
85;529
85;529
85;530
85;530
85;531
85;531
85;531
85;532
85;532
85;533
85;533
85;533
85;534
85;534
85;535
85;535
86;540
86;541
86;541
86;541
86;542
86;542
86;543
86;531
86;532
86;532
86;533
86;533
86;533
86;534
86;534
86;534
86;535
86;535
86;536
86;536
86;536
86;537
86;537
86;538
86;538
86;538
86;550
86;539
86;540
86;540
87;534
87;534
87;535
87;535
87;536
87;536
87;536
87;537
87;537
87;537
87;538
87;538
87;539
87;539
87;539
87;540
87;540
87;541
87;541
87;541
87;542
87;542
87;542
87;543
87;543
87;544
87;544
87;544
87;545
87;545
88;539
88;540
88;540
88;540
88;541
88;541
88;542
88;542
88;542
88;543
88;543
88;544
88;544
88;555
88;556
88;556
88;556
88;557
88;557
88;558
88;547
88;547
88;547
88;548
88;548
88;549
88;549
88;549
88;550
88;550
89;544
89;545
89;545
89;545
89;546
89;546
89;547
89;547
89;547
89;548
89;548
89;548
89;549
89;549
89;550
89;550
89;550
89;551
89;551
89;551
89;552
89;552
89;553
89;553
89;553
89;554
89;554
89;555
89;555
89;555
90;550
90;550
90;550
90;551
90;551
90;551
90;552
90;552
90;553
90;553
90;553
90;554
90;554
90;555
90;555
90;555
90;556
90;556
90;557
90;557
90;557
90;558
90;558
90;570
90;570
90;570
90;570
90;571
90;571
90;572
91;566
91;566
91;567
91;556
91;556
91;556
91;557
91;557
91;558
91;558
91;558
91;559
91;559
91;559
91;560
91;560
91;561
91;561
91;561
91;562
91;562
91;563
91;563
91;563
91;564
91;564
91;564
91;565
91;565
91;566
92;560
92;560
92;561
92;561
92;561
92;562
92;562
92;563
92;563
92;563
92;564
92;564
92;565
92;565
92;577
92;577
92;577
92;578
92;567
92;567
92;567
92;568
92;568
92;569
92;569
92;569
92;570
92;570
92;570
92;571
93;565
93;566
93;566
93;566
93;567
93;567
93;567
93;568
93;568
93;569
93;569
93;569
93;570
93;570
93;571
93;571
93;571
93;572
93;572
93;584
93;584
93;584
93;585
93;574
93;574
93;575
93;575
93;575
93;576
93;576
94;570
94;571
94;571
94;583
94;583
94;584
94;584
94;573
94;574
94;574
94;574
94;575
94;575
94;575
94;576
94;576
94;577
94;577
94;577
94;578
94;578
94;578
94;579
94;579
94;580
94;580
94;580
94;581
94;581
94;581
95;576
95;576
95;576
95;577
95;577
95;578
95;578
95;578
95;579
95;579
95;579
95;580
95;580
95;581
95;581
95;581
95;582
95;582
95;583
95;583
95;583
95;584
95;584
95;584
95;585
95;585
95;586
95;586
95;586
95;587
96;592
96;592
96;593
96;593
96;593
96;594
96;594
96;583
96;584
96;584
96;584
96;585
96;585
96;586
96;586
96;586
96;587
96;587
96;587
96;599
96;588
96;589
96;589
96;589
96;590
96;590
96;590
96;591
96;591
96;592
97;586
97;586
97;587
97;587
97;587
97;588
97;588
97;588
97;589
97;589
97;590
97;590
97;590
97;591
97;591
97;591
97;592
97;592
97;593
97;593
97;593
97;594
97;594
97;594
97;595
97;595
97;595
97;596
97;596
97;597
98;591
98;591
98;592
98;592
98;592
98;593
98;593
98;594
98;594
98;594
98;595
98;595
98;595
98;596
98;596
98;597
98;597
98;597
98;598
98;598
98;598
98;599
98;599
98;600
98;600
98;600
98;601
98;601
98;601
98;602
99;596
99;597
99;597
99;597
99;598
99;609
99;609
99;610
99;610
99;610
99;611
99;611
99;611
99;612
99;612
99;601
99;602
99;602
99;602
99;603
99;603
99;603
99;604
99;604
99;605
99;605
99;605
99;606
99;606
99;606
100;601
100;601
100;602
100;602
100;602
100;603
100;603
100;603
100;604
100;604
100;605
100;605
100;605
100;606
100;606
100;606
100;607
100;607
100;608
100;608
100;608
100;609
100;609
100;610
100;610
100;610
100;611
100;622
100;623
100;623
101;617
101;618
101;618
101;618
101;607
101;608
101;608
101;609
101;609
101;609
101;610
101;621
101;611
101;611
101;611
101;612
101;612
101;612
101;613
101;613
101;614
101;614
101;614
101;615
101;615
101;615
101;616
101;616
101;616
101;617
102;611
102;612
102;612
102;612
102;613
102;613
102;613
102;614
102;614
102;615
102;615
102;615
102;616
102;616
102;616
102;617
102;617
102;618
102;618
102;618
102;630
102;630
102;630
102;631
102;620
102;620
102;621
102;621
102;621
102;622
103;616
103;616
103;617
103;617
103;618
103;618
103;618
103;619
103;619
103;619
103;620
103;620
103;621
103;621
103;621
103;622
103;622
103;622
103;623
103;623
103;623
103;624
103;624
103;625
103;625
103;625
103;626
103;626
103;626
103;627
104;621
104;622
104;622
104;622
104;623
104;623
104;623
104;624
104;635
104;635
104;636
104;636
104;636
104;637
104;637
104;627
104;627
104;627
104;628
104;628
104;628
104;629
104;629
104;629
104;630
104;630
104;631
104;631
104;631
104;632
105;626
105;626
105;627
105;627
105;627
105;628
105;628
105;629
105;629
105;629
105;630
105;630
105;630
105;631
105;631
105;632
105;632
105;632
105;633
105;644
105;644
105;645
105;645
105;634
105;635
105;635
105;635
105;636
105;636
105;637
106;631
106;631
106;632
106;632
106;632
106;633
106;633
106;634
106;634
106;634
106;635
106;635
106;635
106;636
106;636
106;636
106;637
106;637
106;638
106;638
106;638
106;639
106;639
106;639
106;640
106;640
106;640
106;641
106;641
106;642
107;636
107;636
107;637
107;637
107;637
107;638
107;638
107;639
107;639
107;639
107;640
107;640
107;640
107;652
107;652
107;652
107;652
107;653
107;653
107;654
107;643
107;643
107;644
107;644
107;645
107;645
107;645
107;646
107;646
107;646
108;641
108;641
108;642
108;642
108;642
108;643
108;643
108;643
108;644
108;644
108;644
108;645
108;645
108;646
108;646
108;646
108;647
108;647
108;647
108;648
108;648
108;649
108;649
108;649
108;650
108;650
108;650
108;651
108;651
108;652
109;646
109;646
109;647
109;647
109;647
109;648
109;648
109;659
109;660
109;660
109;660
109;661
109;661
109;662
109;651
109;651
109;652
109;652
109;652
109;653
109;653
109;653
109;654
109;654
109;655
109;655
109;655
109;656
109;656
109;656
110;651
110;651
110;652
110;652
110;652
110;653
110;653
110;653
110;654
110;654
110;655
110;655
110;655
110;656
110;656
110;656
110;657
110;657
110;658
110;658
110;658
110;659
110;659
110;659
110;660
110;660
110;661
110;661
110;661
110;662
111;656
111;656
111;657
111;657
111;658
111;658
111;658
111;659
111;659
111;659
111;660
111;660
111;661
111;661
111;661
111;662
111;662
111;662
111;663
111;674
111;675
111;675
111;675
111;676
111;676
111;676
111;665
111;666
111;666
111;667
112;661
112;661
112;662
112;662
112;662
112;663
112;663
112;664
112;664
112;664
112;665
112;665
112;665
112;666
112;666
112;667
112;667
112;667
112;668
112;668
112;668
112;669
112;669
112;670
112;681
112;682
112;682
112;682
112;671
112;672
113;666
113;667
113;667
113;667
113;679
113;679
113;679
113;680
113;669
113;670
113;670
113;670
113;671
113;671
113;671
113;672
113;672
113;673
113;673
113;673
113;674
113;674
113;674
113;675
113;675
113;675
113;676
113;676
113;677
113;677
114;671
114;672
114;672
114;672
114;673
114;673
114;674
114;674
114;674
114;675
114;675
114;675
114;676
114;676
114;677
114;677
114;677
114;678
114;678
114;678
114;679
114;679
114;690
114;691
114;691
114;691
114;681
114;681
114;681
114;682
115;676
115;677
115;677
115;677
115;678
115;678
115;678
115;679
115;679
115;680
115;680
115;680
115;681
115;681
115;681
115;682
115;682
115;682
115;683
115;683
115;684
115;684
115;684
115;685
115;685
115;685
115;686
115;686
115;686
115;687
116;681
116;682
116;682
116;682
116;683
116;683
116;684
116;684
116;684
116;685
116;685
116;685
116;686
116;686
116;686
116;687
116;687
116;688
116;688
116;688
116;689
116;689
116;689
116;690
116;690
116;691
116;691
116;691
116;692
116;692
117;686
117;687
117;687
117;688
117;688
117;688
117;699
117;700
117;700
117;701
117;700
117;701
117;701
117;702
117;702
117;703
117;692
117;692
117;693
117;693
117;693
117;694
117;694
117;695
117;695
117;695
117;696
117;696
117;696
117;697
118;691
118;692
118;692
118;692
118;693
118;693
118;693
118;694
118;694
118;695
118;695
118;695
118;696
118;696
118;696
118;697
118;697
118;698
118;698
118;698
118;699
118;699
118;699
118;700
118;700
118;701
118;701
118;701
118;702
118;702
119;697
119;697
119;697
119;698
119;698
119;698
119;699
119;699
119;700
119;700
119;700
119;701
119;701
119;701
119;702
119;702
119;714
119;714
119;714
119;714
119;715
119;715
119;716
119;705
119;705
119;706
119;706
119;706
119;707
119;707
120;702
120;702
120;702
120;703
120;703
120;703
120;704
120;704
120;705
120;705
120;705
120;706
120;706
120;706
120;707
120;707
120;708
120;708
120;708
120;709
120;709
120;709
120;710
120;710
120;711
120;711
120;711
120;712
120;712
120;712
121;707
121;707
121;719
121;719
121;719
121;720
121;720
121;721
121;721
121;710
121;711
121;711
121;711
121;712
121;712
121;712
121;713
121;713
121;713
121;714
121;714
121;715
121;715
121;715
121;716
121;716
121;716
121;717
121;717
121;718
122;712
122;712
122;713
122;713
122;714
122;714
122;714
122;715
122;715
122;715
122;716
122;716
122;717
122;717
122;717
122;718
122;718
122;718
122;719
122;719
122;720
122;720
122;720
122;721
122;721
122;722
122;722
122;722
122;723
122;723
123;718
123;718
123;718
123;719
123;719
123;719
123;720
123;720
123;721
123;721
123;721
123;722
123;722
123;722
123;723
123;723
123;724
123;735
123;735
123;736
123;736
123;737
123;737
123;737
123;726
123;727
123;727
123;727
123;728
123;728
124;723
124;723
124;723
124;724
124;724
124;725
124;725
124;725
124;726
124;726
124;726
124;727
124;727
124;728
124;728
124;728
124;729
124;729
124;729
124;730
124;730
124;731
124;731
124;743
124;743
124;743
124;744
124;733
124;733
124;734
125;728
125;728
125;729
125;729
125;730
125;730
125;730
125;731
125;731
125;731
125;732
125;732
125;733
125;733
125;733
125;734
125;734
125;734
125;735
125;735
125;736
125;736
125;736
125;737
125;737
125;737
125;749
125;749
125;750
125;750
126;745
126;745
126;745
126;735
126;735
126;735
126;736
126;736
126;736
126;737
126;737
126;737
126;738
126;738
126;739
126;739
126;739
126;740
126;740
126;740
126;741
126;741
126;742
126;742
126;742
126;743
126;743
126;743
126;744
126;744
127;739
127;739
127;739
127;740
127;740
127;741
127;741
127;741
127;742
127;742
127;743
127;743
127;743
127;744
127;744
127;744
127;745
127;745
127;746
127;746
127;746
127;747
127;747
127;747
127;748
127;748
127;749
127;749
127;749
127;750
128;744
128;745
128;745
128;745
128;746
128;746
128;747
128;747
128;758
128;759
128;759
128;759
128;760
128;760
128;761
128;750
128;750
128;750
128;751
128;751
128;751
128;752
128;752
128;753
128;753
128;753
128;754
128;754
128;754
128;755
129;749
129;750
129;750
129;750
129;751
129;751
129;752
129;752
129;752
129;753
129;753
129;754
129;754
129;754
129;755
129;755
129;755
129;756
129;756
129;757
129;757
129;757
129;758
129;758
129;758
129;759
129;759
129;760
129;760
129;760
130;755
130;755
130;756
130;756
130;756
130;757
130;757
130;758
130;758
130;758
130;759
130;759
130;760
130;771
130;771
130;772
130;772
130;773
130;773
130;773
130;762
130;763
130;763
130;763
130;764
130;764
130;765
130;765
130;777
130;766
131;760
131;761
131;761
131;761
131;762
131;762
131;763
131;763
131;763
131;764
131;764
131;764
131;765
131;765
131;766
131;766
131;766
131;767
131;767
131;767
131;768
131;768
131;769
131;769
131;769
131;770
131;770
131;770
131;771
131;771
132;766
132;766
132;766
132;767
132;767
132;768
132;768
132;768
132;769
132;769
132;769
132;770
132;770
132;771
132;771
132;771
132;772
132;772
132;773
132;773
132;773
132;774
132;774
132;774
132;775
132;775
132;787
132;787
132;787
132;787
133;782
133;783
133;783
133;783
133;784
133;784
133;773
133;774
133;774
133;774
133;775
133;775
133;775
133;776
133;776
133;788
133;777
133;777
133;778
133;778
133;779
133;779
133;779
133;780
133;780
133;780
133;781
133;781
133;782
133;782
134;776
134;777
134;777
134;778
134;778
134;778
134;779
134;779
134;779
134;780
134;780
134;781
134;781
134;781
134;782
134;782
134;782
134;783
134;783
134;783
134;784
134;784
134;785
134;785
134;785
134;786
134;786
134;786
134;787
134;787
135;782
135;782
135;783
135;783
135;783
135;784
135;784
135;784
135;785
135;796
135;797
135;797
135;797
135;798
135;798
135;798
135;788
135;788
135;788
135;789
135;789
135;789
135;790
135;790
135;791
135;791
135;791
135;792
135;792
135;792
136;787
136;787
136;788
136;788
136;788
136;789
136;789
136;790
136;790
136;790
136;791
136;791
136;791
136;792
136;803
136;804
136;804
136;804
136;794
136;794
136;794
136;795
136;795
136;795
136;796
136;796
136;797
136;797
136;797
136;798
137;792
137;793
137;793
137;793
137;794
137;794
137;794
137;795
137;795
137;807
137;807
137;807
137;808
137;797
137;797
137;798
137;798
137;799
137;799
137;799
137;800
137;800
137;800
137;801
137;801
137;801
137;802
137;802
137;803
137;803
138;797
138;798
138;798
138;799
138;799
138;799
138;800
138;800
138;800
138;812
138;812
138;812
138;813
138;802
138;803
138;803
138;803
138;804
138;804
138;804
138;805
138;805
138;805
138;806
138;806
138;807
138;807
138;807
138;808
138;808
139;803
139;803
139;803
139;804
139;804
139;804
139;805
139;805
139;805
139;806
139;806
139;807
139;807
139;807
139;808
139;808
139;808
139;809
139;809
139;810
139;810
139;810
139;811
139;811
139;811
139;812
139;812
139;812
139;813
139;813
140;808
140;808
140;808
140;809
140;820
140;820
140;821
140;821
140;821
140;822
140;822
140;812
140;812
140;812
140;813
140;813
140;813
140;814
140;814
140;815
140;815
140;815
140;816
140;816
140;816
140;817
140;817
140;817
140;818
140;818
141;813
141;813
141;813
141;814
141;814
141;815
141;815
141;815
141;816
141;816
141;816
141;817
141;817
141;818
141;818
141;818
141;819
141;819
141;819
141;820
141;820
141;820
141;821
141;821
141;822
141;822
141;822
141;823
141;823
141;823
142;818
142;818
142;819
142;830
142;830
142;831
142;831
142;831
142;832
142;832
142;821
142;822
142;822
142;823
142;823
142;823
142;824
142;824
142;824
142;825
142;836
142;826
142;826
142;826
142;827
142;827
142;827
142;828
142;828
142;828
143;823
143;823
143;824
143;824
143;825
143;825
143;825
143;826
143;826
143;826
143;827
143;827
143;827
143;828
143;828
143;829
143;829
143;829
143;830
143;830
143;830
143;831
143;831
143;831
143;832
143;832
143;833
143;833
143;833
143;834
144;828
144;829
144;829
144;829
144;830
144;830
144;830
144;831
144;831
144;831
144;832
144;832
144;833
144;833
144;833
144;834
144;834
144;834
144;835
144;835
144;836
144;836
144;836
144;837
144;837
144;837
144;838
144;838
144;838
144;839
145;844
145;844
145;845
145;845
145;845
145;846
145;846
145;847
145;847
145;847
145;837
145;837
145;837
145;838
145;838
145;839
145;839
145;839
145;840
145;840
145;840
145;841
145;841
145;841
145;842
145;842
145;843
145;843
145;843
145;844
146;838
146;839
146;839
146;839
146;840
146;840
146;840
146;841
146;841
146;842
146;842
146;842
146;843
146;843
146;843
146;844
146;844
146;845
146;845
146;845
146;846
146;846
146;846
146;847
146;847
146;848
146;848
146;848
146;849
146;849
147;844
147;844
147;844
147;845
147;845
147;845
147;846
147;846
147;847
147;847
147;847
147;848
147;848
147;848
147;849
147;849
147;850
147;850
147;850
147;851
147;851
147;851
147;852
147;852
147;863
147;864
147;864
147;864
147;865
147;865
148;860
148;860
148;861
148;861
148;850
148;851
148;851
148;851
148;852
148;852
148;852
148;853
148;853
148;853
148;854
148;854
148;855
148;855
148;855
148;856
148;856
148;856
148;857
148;857
148;858
148;858
148;858
148;859
148;859
148;859
149;854
149;854
149;855
149;855
149;856
149;856
149;856
149;857
149;857
149;857
149;858
149;858
149;859
149;859
149;859
149;860
149;860
149;860
149;861
149;861
149;862
149;862
149;862
149;863
149;863
149;863
149;864
149;864
149;865
149;865
150;860
150;860
150;860
150;861
150;861
150;861
150;862
150;862
150;863
150;863
150;874
150;875
150;875
150;875
150;876
150;876
150;877
150;866
150;866
150;866
150;867
150;867
150;868
150;868
150;868
150;869
150;869
150;869
150;870
150;870
151;865
151;865
151;866
151;866
151;866
151;867
151;867
151;867
151;868
151;868
151;869
151;869
151;869
151;870
151;870
151;870
151;871
151;871
151;872
151;872
151;872
151;873
151;873
151;873
151;874
151;874
151;875
151;875
151;875
151;887
152;881
152;882
152;882
152;883
152;883
152;883
152;872
152;873
152;873
152;874
152;874
152;874
152;875
152;875
152;875
152;876
152;876
152;877
152;877
152;877
152;878
152;878
152;878
152;890
152;879
152;880
152;880
152;880
152;881
152;881
153;876
153;876
153;876
153;877
153;877
153;878
153;878
153;878
153;879
153;879
153;879
153;880
153;880
153;881
153;881
153;881
153;882
153;882
153;882
153;883
153;894
153;895
153;895
153;895
153;885
153;885
153;885
153;886
153;886
153;886
154;881
154;881
154;882
154;882
154;883
154;883
154;883
154;884
154;884
154;884
154;885
154;885
154;886
154;886
154;886
154;887
154;887
154;887
154;888
154;888
154;888
154;889
154;889
154;890
154;890
154;890
154;891
154;891
154;902
154;903
155;897
155;898
155;898
155;898
155;899
155;888
155;889
155;889
155;889
155;890
155;890
155;890
155;891
155;891
155;891
155;892
155;892
155;893
155;893
155;893
155;894
155;894
155;894
155;895
155;895
155;896
155;907
155;896
155;897
155;897
156;892
156;892
156;892
156;893
156;893
156;893
156;894
156;894
156;895
156;895
156;895
156;896
156;896
156;896
156;897
156;897
156;897
156;898
156;898
156;899
156;899
156;899
156;900
156;900
156;900
156;901
156;901
156;902
156;902
156;913
157;908
157;908
157;908
157;909
157;909
157;910
157;899
157;899
157;900
157;900
157;900
157;901
157;901
157;902
157;902
157;902
157;903
157;903
157;903
157;904
157;904
157;904
157;905
157;905
157;906
157;906
157;906
157;907
157;907
157;907
158;902
158;902
158;903
158;903
158;903
158;904
158;904
158;905
158;905
158;905
158;906
158;906
158;906
158;907
158;907
158;907
158;908
158;908
158;909
158;909
158;909
158;910
158;910
158;910
158;911
158;911
158;911
158;912
158;923
158;923
159;918
159;918
159;919
159;919
159;919
159;909
159;909
159;910
159;910
159;910
159;911
159;911
159;911
159;912
159;912
159;912
159;913
159;913
159;914
159;914
159;914
159;915
159;915
159;915
159;916
159;916
159;917
159;917
159;917
159;918
160;912
160;913
160;913
160;913
160;914
160;914
160;914
160;915
160;915
160;916
160;916
160;916
160;917
160;928
160;928
160;929
160;929
160;918
160;919
160;919
160;919
160;920
160;920
160;921
160;921
160;921
160;922
160;922
160;922
160;923
161;917
161;918
161;918
161;918
161;919
161;919
161;920
161;920
161;920
161;921
161;921
161;921
161;922
161;922
161;923
161;923
161;923
161;924
161;924
161;924
161;925
161;925
161;925
161;926
161;926
161;927
161;927
161;927
161;928
161;928
162;923
162;923
162;923
162;924
162;924
162;925
162;925
162;925
162;926
162;926
162;926
162;927
162;927
162;927
162;928
162;928
162;929
162;929
162;929
162;930
162;930
162;930
162;931
162;931
162;932
162;932
162;943
162;943
162;944
162;944
163;939
163;939
163;939
163;940
163;940
163;941
163;930
163;930
163;931
163;931
163;931
163;932
163;932
163;932
163;933
163;933
163;934
163;934
163;934
163;935
163;935
163;935
163;936
163;936
163;937
163;937
163;937
163;938
163;938
163;938
164;933
164;933
164;934
164;934
164;946
164;946
164;946
164;947
164;936
164;936
164;937
164;937
164;937
164;938
164;938
164;939
164;939
164;939
164;940
164;940
164;940
164;941
164;941
164;941
164;942
164;942
164;943
164;943
164;943
164;944
165;938
165;939
165;939
165;939
165;940
165;940
165;941
165;941
165;941
165;942
165;942
165;942
165;943
165;943
165;943
165;944
165;944
165;945
165;945
165;945
165;957
165;957
165;957
165;958
165;947
165;947
165;948
165;948
165;949
165;949
166;944
166;944
166;944
166;945
166;945
166;945
166;946
166;946
166;946
166;947
166;947
166;948
166;948
166;948
166;949
166;949
166;949
166;950
166;950
166;961
166;962
166;962
166;963
166;952
166;952
166;953
166;953
166;953
166;954
166;954
167;949
167;949
167;950
167;950
167;950
167;951
167;951
167;951
167;952
167;952
167;952
167;953
167;953
167;954
167;954
167;954
167;955
167;955
167;955
167;956
167;956
167;956
167;957
167;957
167;958
167;958
167;958
167;959
167;959
167;959
168;954
168;965
168;966
168;966
168;966
168;967
168;967
168;967
168;957
168;957
168;958
168;958
168;958
168;959
168;959
168;959
168;960
168;960
168;960
168;961
168;961
168;962
168;962
168;962
168;963
168;963
168;963
168;964
168;964
168;964
169;959
169;959
169;960
169;960
169;961
169;961
169;961
169;962
169;973
169;973
169;974
169;974
169;963
169;964
169;964
169;965
169;965
169;965
169;966
169;966
169;966
169;967
169;967
169;967
169;968
169;968
169;969
169;969
169;969
169;970
170;964
170;965
170;965
170;965
170;966
170;966
170;966
170;967
170;967
170;968
170;968
170;979
170;979
170;980
170;980
170;970
170;970
170;970
170;971
170;971
170;971
170;972
170;972
170;973
170;984
170;973
170;974
170;974
170;974
170;975
171;969
171;970
171;970
171;971
171;971
171;971
171;972
171;972
171;972
171;973
171;973
171;973
171;974
171;985
171;985
171;985
171;986
171;976
171;976
171;976
171;977
171;977
171;977
171;978
171;978
171;978
171;979
171;979
171;979
171;980
172;974
172;975
172;975
172;975
172;976
172;976
172;977
172;977
172;977
172;978
172;978
172;978
172;979
172;979
172;979
172;980
172;980
172;980
172;981
172;981
172;982
172;982
172;982
172;983
172;983
172;983
172;984
172;984
172;984
172;985
173;979
173;980
173;980
173;980
173;981
173;981
173;982
173;982
173;982
173;983
173;983
173;983
173;984
173;984
173;984
173;985
173;985
173;985
173;986
173;997
173;997
173;997
173;997
173;998
173;998
173;999
173;988
173;989
173;989
173;989
174;984
174;985
174;985
174;985
174;986
174;986
174;986
174;987
174;987
174;987
174;988
174;988
174;988
174;989
174;989
174;989
174;990
174;990
174;991
174;991
174;991
174;992
174;992
174;992
174;993
174;993
174;993
174;994
174;994
174;994
175;989
175;990
175;990
175;990
175;991
175;991
175;991
175;992
175;992
175;992
175;993
175;993
175;993
175;994
175;994
175;995
175;995
175;995
175;996
175;996
175;996
175;997
175;997
175;997
175;998
175;998
175;999
175;999
175;999
175;1000
176;994
176;995
176;995
176;995
176;996
176;996
176;996
176;997
176;997
176;998
176;1008
176;1009
176;1009
176;1010
176;1009
176;1010
176;1010
176;1011
176;1011
176;1012
176;1001
176;1002
176;1002
176;1002
176;1003
176;1003
176;1003
176;1004
176;1004
176;1004
177;999
177;999
177;1000
177;1000
177;1001
177;1001
177;1001
177;1002
177;1013
177;1013
177;1013
177;1014
177;1003
177;1004
177;1004
177;1005
177;1005
177;1005
177;1006
177;1006
177;1006
177;1007
177;1007
177;1007
177;1008
177;1008
177;1008
177;1009
177;1009
177;1010
178;1004
178;1005
178;1005
178;1005
178;1006
178;1006
178;1006
178;1007
178;1007
178;1007
178;1008
178;1008
178;1009
178;1009
178;1009
178;1010
178;1010
178;1010
178;1011
178;1011
178;1011
178;1012
178;1012
178;1012
178;1013
178;1013
178;1014
178;1014
178;1014
178;1015
179;1009
179;1010
179;1010
179;1010
179;1011
179;1011
179;1011
179;1012
179;1012
179;1013
179;1013
179;1013
179;1014
179;1014
179;1014
179;1015
179;1015
179;1015
179;1016
179;1016
179;1017
179;1017
179;1017
179;1018
179;1018
179;1018
179;1029
179;1030
179;1030
179;1030
180;1025
180;1025
180;1026
180;1026
180;1026
180;1027
180;1016
180;1017
180;1028
180;1018
180;1018
180;1018
180;1019
180;1019
180;1019
180;1020
180;1020
180;1020
180;1021
180;1021
180;1022
180;1022
180;1022
180;1023
180;1023
180;1023
180;1024
180;1024
180;1024
180;1025
181;1019
181;1020
181;1020
181;1020
181;1021
181;1021
181;1022
181;1022
181;1022
181;1023
181;1023
181;1023
181;1024
181;1024
181;1024
181;1025
181;1025
181;1026
181;1026
181;1026
181;1037
181;1038
181;1038
181;1038
181;1028
181;1028
181;1029
181;1029
181;1029
181;1030
182;1024
182;1025
182;1025
182;1025
182;1026
182;1026
182;1027
182;1027
182;1027
182;1028
182;1028
182;1028
182;1029
182;1029
182;1029
182;1030
182;1030
182;1030
182;1031
182;1031
182;1042
182;1043
182;1043
182;1043
182;1033
182;1033
182;1034
182;1034
182;1034
182;1035
183;1029
183;1030
183;1030
183;1030
183;1031
183;1031
183;1032
183;1032
183;1032
183;1033
183;1033
183;1033
183;1034
183;1034
183;1034
183;1035
183;1035
183;1046
183;1046
183;1047
183;1047
183;1037
183;1037
183;1038
183;1038
183;1038
183;1039
183;1039
183;1039
183;1040
184;1034
184;1035
184;1035
184;1035
184;1036
184;1036
184;1036
184;1037
184;1037
184;1038
184;1038
184;1038
184;1039
184;1049
184;1050
184;1050
184;1051
184;1040
184;1041
184;1041
184;1041
184;1042
184;1042
184;1042
184;1043
184;1043
184;1043
184;1044
184;1044
184;1045
185;1039
185;1040
185;1040
185;1040
185;1041
185;1041
185;1041
185;1042
185;1042
185;1042
185;1043
185;1043
185;1043
185;1044
185;1044
185;1045
185;1045
185;1045
185;1046
185;1046
185;1046
185;1047
185;1047
185;1047
185;1048
185;1048
185;1048
185;1049
185;1049
185;1049
186;1044
186;1044
186;1045
186;1045
186;1046
186;1046
186;1046
186;1047
186;1047
186;1047
186;1048
186;1048
186;1048
186;1049
186;1049
186;1049
186;1050
186;1050
186;1061
186;1061
186;1062
186;1062
186;1062
186;1063
186;1063
186;1053
186;1053
186;1053
186;1054
186;1054
187;1049
187;1049
187;1050
187;1050
187;1050
187;1051
187;1051
187;1051
187;1052
187;1052
187;1052
187;1053
187;1053
187;1053
187;1054
187;1054
187;1055
187;1055
187;1055
187;1056
187;1056
187;1056
187;1057
187;1057
187;1057
187;1058
187;1058
187;1058
187;1059
187;1059
188;1054
188;1054
188;1055
188;1055
188;1055
188;1056
188;1056
188;1056
188;1057
188;1057
188;1057
188;1058
188;1058
188;1058
188;1059
188;1059
188;1060
188;1060
188;1060
188;1061
188;1061
188;1061
188;1062
188;1062
188;1062
188;1063
188;1063
188;1063
188;1064
188;1064
189;1059
189;1059
189;1060
189;1060
189;1060
189;1061
189;1071
189;1072
189;1072
189;1073
189;1073
189;1073
189;1073
189;1074
189;1074
189;1075
189;1064
189;1065
189;1065
189;1065
189;1066
189;1066
189;1066
189;1067
189;1067
189;1068
189;1079
189;1068
189;1069
189;1069
190;1064
190;1064
190;1064
190;1065
190;1065
190;1066
190;1066
190;1066
190;1067
190;1067
190;1067
190;1068
190;1068
190;1068
190;1069
190;1069
190;1069
190;1070
190;1070
190;1070
190;1071
190;1071
190;1071
190;1072
190;1072
190;1073
190;1073
190;1073
190;1074
190;1074
191;1069
191;1069
191;1069
191;1070
191;1070
191;1070
191;1071
191;1071
191;1072
191;1072
191;1072
191;1073
191;1073
191;1073
191;1074
191;1074
191;1074
191;1075
191;1075
191;1075
191;1076
191;1076
191;1077
191;1077
191;1077
191;1078
191;1078
191;1078
191;1079
191;1079
192;1074
192;1074
192;1074
192;1075
192;1075
192;1076
192;1076
192;1076
192;1087
192;1087
192;1088
192;1088
192;1088
192;1089
192;1089
192;1090
192;1090
192;1090
192;1080
192;1080
192;1081
192;1081
192;1081
192;1082
192;1082
192;1082
192;1083
192;1083
192;1083
192;1084
193;1079
193;1079
193;1079
193;1080
193;1080
193;1080
193;1081
193;1081
193;1081
193;1082
193;1082
193;1082
193;1083
193;1083
193;1094
193;1095
193;1095
193;1095
193;1085
193;1085
193;1086
193;1086
193;1086
193;1087
193;1087
193;1087
193;1088
193;1088
193;1088
193;1089
194;1084
194;1084
194;1084
194;1085
194;1085
194;1085
194;1086
194;1086
194;1086
194;1087
194;1087
194;1087
194;1088
194;1088
194;1089
194;1089
194;1089
194;1090
194;1090
194;1090
194;1091
194;1091
194;1091
194;1092
194;1092
194;1092
194;1093
194;1093
194;1094
194;1094
195;1089
195;1089
195;1089
195;1090
195;1090
195;1090
195;1091
195;1091
195;1092
195;1092
195;1092
195;1093
195;1093
195;1093
195;1094
195;1094
195;1094
195;1095
195;1095
195;1095
195;1096
195;1096
195;1097
195;1097
195;1097
195;1108
195;1109
195;1109
195;1109
195;1110
196;1104
196;1104
196;1105
196;1105
196;1106
196;1095
196;1096
196;1096
196;1096
196;1097
196;1097
196;1097
196;1098
196;1098
196;1099
196;1099
196;1099
196;1100
196;1100
196;1100
196;1101
196;1101
196;1101
196;1102
196;1102
196;1102
196;1103
196;1103
196;1104
196;1104
197;1099
197;1099
197;1099
197;1100
197;1100
197;1100
197;1101
197;1101
197;1102
197;1102
197;1102
197;1103
197;1103
197;1103
197;1104
197;1104
197;1104
197;1105
197;1105
197;1105
197;1106
197;1106
197;1107
197;1107
197;1107
197;1108
197;1108
197;1108
197;1119
197;1120
198;1114
198;1115
198;1115
198;1116
198;1116
198;1105
198;1106
198;1106
198;1107
198;1107
198;1107
198;1108
198;1108
198;1108
198;1109
198;1109
198;1109
198;1110
198;1110
198;1111
198;1111
198;1111
198;1112
198;1112
198;1112
198;1113
198;1113
198;1113
198;1114
198;1114
199;1109
199;1109
199;1110
199;1110
199;1110
199;1111
199;1111
199;1111
199;1112
199;1112
199;1112
199;1113
199;1124
199;1124
199;1125
199;1125
199;1115
199;1115
199;1115
199;1116
199;1116
199;1116
199;1117
199;1117
199;1117
199;1118
199;1118
199;1118
199;1119
199;1119
200;1114
200;1114
200;1115
200;1115
200;1115
200;1116
200;1116
200;1116
200;1117
200;1117
200;1118
200;1118
200;1118
200;1119
200;1119
200;1119
200;1120
200;1120
200;1120
200;1121
200;1121
200;1122
200;1122
200;1122
200;1123
200;1123
200;1123
200;1124
200;1124
200;1124
201;1119
201;1120
201;1131
201;1131
201;1131
201;1131
201;1132
201;1132
201;1133
201;1122
201;1123
201;1123
201;1123
201;1124
201;1124
201;1124
201;1125
201;1125
201;1126
201;1126
201;1126
201;1127
201;1127
201;1127
201;1128
201;1128
201;1128
201;1129
201;1129
201;1129
202;1124
202;1125
202;1125
202;1125
202;1126
202;1126
202;1126
202;1127
202;1127
202;1127
202;1128
202;1128
202;1129
202;1129
202;1129
202;1130
202;1130
202;1130
202;1131
202;1131
202;1131
202;1132
202;1132
202;1133
202;1133
202;1133
202;1134
202;1134
202;1134
202;1135
203;1129
203;1130
203;1130
203;1131
203;1131
203;1131
203;1142
203;1143
203;1143
203;1143
203;1144
203;1144
203;1144
203;1134
203;1134
203;1135
203;1135
203;1135
203;1136
203;1136
203;1137
203;1137
203;1137
203;1138
203;1138
203;1138
203;1139
203;1139
203;1139
203;1140
204;1135
204;1135
204;1135
204;1136
204;1136
204;1136
204;1137
204;1137
204;1137
204;1138
204;1138
204;1139
204;1139
204;1139
204;1140
204;1140
204;1140
204;1141
204;1141
204;1141
204;1142
204;1142
204;1143
204;1143
204;1143
204;1144
204;1144
204;1144
204;1145
204;1145
205;1140
205;1140
205;1141
205;1141
205;1141
205;1142
205;1142
205;1142
205;1143
205;1154
205;1154
205;1155
205;1155
205;1155
205;1156
205;1156
205;1145
205;1146
205;1146
205;1147
205;1147
205;1147
205;1148
205;1148
205;1148
205;1149
205;1149
205;1149
205;1150
205;1150
206;1145
206;1145
206;1146
206;1146
206;1146
206;1147
206;1147
206;1148
206;1148
206;1148
206;1149
206;1149
206;1149
206;1150
206;1150
206;1150
206;1151
206;1151
206;1152
206;1152
206;1152
206;1153
206;1153
206;1153
206;1154
206;1154
206;1154
206;1155
206;1155
206;1156
207;1150
207;1151
207;1151
207;1151
207;1152
207;1152
207;1153
207;1153
207;1153
207;1154
207;1154
207;1154
207;1155
207;1155
207;1155
207;1156
207;1156
207;1157
207;1157
207;1168
207;1168
207;1169
207;1169
207;1170
207;1170
207;1170
207;1160
207;1160
207;1160
207;1161
208;1166
208;1167
208;1167
208;1168
208;1157
208;1157
208;1158
208;1158
208;1158
208;1159
208;1159
208;1160
208;1160
208;1160
208;1161
208;1161
208;1161
208;1162
208;1162
208;1162
208;1163
208;1163
208;1164
208;1164
208;1164
208;1165
208;1165
208;1165
208;1166
208;1166
209;1161
209;1161
209;1162
209;1173
209;1173
209;1173
209;1174
209;1163
209;1164
209;1164
209;1164
209;1165
209;1165
209;1166
209;1166
209;1166
209;1167
209;1167
209;1167
209;1168
209;1168
209;1168
209;1169
209;1169
209;1169
209;1170
209;1170
209;1171
209;1171
209;1171
210;1166
210;1166
210;1167
210;1167
210;1167
210;1168
210;1168
210;1169
210;1169
210;1169
210;1170
210;1170
210;1170
210;1171
210;1171
210;1171
210;1172
210;1172
210;1173
210;1173
210;1173
210;1174
210;1174
210;1174
210;1175
210;1186
210;1186
210;1186
210;1187
210;1176
211;1171
211;1172
211;1172
211;1172
211;1173
211;1173
211;1173
211;1174
211;1174
211;1174
211;1175
211;1175
211;1176
211;1176
211;1187
211;1187
211;1188
211;1188
211;1178
211;1178
211;1178
211;1179
211;1179
211;1179
211;1180
211;1180
211;1181
211;1181
211;1181
211;1182
212;1176
212;1177
212;1177
212;1177
212;1178
212;1178
212;1179
212;1179
212;1179
212;1180
212;1180
212;1180
212;1181
212;1181
212;1181
212;1182
212;1182
212;1182
212;1183
212;1183
212;1184
212;1184
212;1184
212;1185
212;1185
212;1185
212;1186
212;1186
212;1186
212;1187
213;1182
213;1182
213;1182
213;1183
213;1183
213;1183
213;1184
213;1184
213;1184
213;1185
213;1185
213;1186
213;1186
213;1186
213;1197
213;1198
213;1198
213;1198
213;1199
213;1199
213;1199
213;1189
213;1189
213;1190
213;1190
213;1190
213;1191
213;1191
213;1191
213;1192
214;1187
214;1187
214;1187
214;1188
214;1188
214;1188
214;1189
214;1189
214;1190
214;1190
214;1190
214;1191
214;1191
214;1191
214;1192
214;1192
214;1192
214;1193
214;1193
214;1193
214;1194
214;1194
214;1195
214;1195
214;1195
214;1196
214;1196
214;1196
214;1197
214;1197
215;1192
215;1192
215;1193
215;1193
215;1193
215;1194
215;1194
215;1194
215;1195
215;1206
215;1206
215;1207
215;1207
215;1207
215;1208
215;1208
215;1198
215;1198
215;1198
215;1199
215;1199
215;1199
215;1200
215;1200
215;1200
215;1201
215;1201
215;1201
215;1202
215;1202
216;1197
216;1197
216;1198
216;1198
216;1198
216;1210
216;1210
216;1210
216;1211
216;1200
216;1201
216;1201
216;1201
216;1202
216;1202
216;1202
216;1203
216;1203
216;1203
216;1204
216;1204
216;1204
216;1205
216;1205
216;1206
216;1206
216;1206
216;1207
216;1207
216;1207
217;1202
217;1203
217;1203
217;1203
217;1204
217;1204
217;1215
217;1215
217;1216
217;1216
217;1206
217;1206
217;1206
217;1207
217;1207
217;1207
217;1208
217;1208
217;1209
217;1209
217;1209
217;1210
217;1210
217;1210
217;1211
217;1211
217;1211
217;1212
217;1212
217;1212
218;1207
218;1208
218;1208
218;1208
218;1209
218;1209
218;1209
218;1210
218;1210
218;1210
218;1211
218;1211
218;1212
218;1223
218;1223
218;1223
218;1224
218;1213
218;1214
218;1214
218;1214
218;1215
218;1215
218;1215
218;1216
218;1216
218;1216
218;1217
218;1217
218;1218
219;1212
219;1213
219;1213
219;1213
219;1214
219;1214
219;1214
219;1215
219;1215
219;1216
219;1216
219;1216
219;1217
219;1217
219;1217
219;1218
219;1218
219;1218
219;1219
219;1219
219;1219
219;1220
219;1220
219;1221
219;1221
219;1221
219;1222
219;1222
219;1222
219;1223
220;1217
220;1218
220;1218
220;1219
220;1219
220;1219
220;1220
220;1231
220;1231
220;1231
220;1231
220;1232
220;1232
220;1233
220;1222
220;1223
220;1223
220;1223
220;1224
220;1224
220;1224
220;1225
220;1225
220;1226
220;1226
220;1226
220;1227
220;1227
220;1227
220;1228
221;1222
221;1223
221;1223
221;1224
221;1224
221;1224
221;1225
221;1225
221;1225
221;1226
221;1226
221;1226
221;1227
221;1227
221;1227
221;1228
221;1228
221;1229
221;1229
221;1229
221;1230
221;1230
221;1230
221;1231
221;1231
221;1231
221;1232
221;1232
221;1232
221;1233
222;1228
222;1228
222;1228
222;1229
222;1240
222;1240
222;1240
222;1241
222;1241
222;1241
222;1242
222;1231
222;1232
222;1232
222;1232
222;1233
222;1233
222;1234
222;1234
222;1234
222;1235
222;1235
222;1235
222;1236
222;1236
222;1236
222;1237
222;1237
222;1237
222;1238
223;1233
223;1233
223;1233
223;1234
223;1234
223;1234
223;1245
223;1246
223;1246
223;1247
223;1236
223;1237
223;1237
223;1237
223;1238
223;1238
223;1238
223;1239
223;1239
223;1239
223;1240
223;1240
223;1240
223;1241
223;1241
223;1242
223;1242
223;1242
223;1243
223;1243
224;1238
224;1238
224;1238
224;1239
224;1239
224;1240
224;1240
224;1240
224;1241
224;1241
224;1241
224;1242
224;1242
224;1242
224;1243
224;1243
224;1243
224;1244
224;1244
224;1245
224;1245
224;1256
224;1256
224;1256
224;1257
224;1247
224;1247
224;1247
224;1248
224;1248
225;1243
225;1243
225;1244
225;1244
225;1244
225;1245
225;1245
225;1245
225;1246
225;1246
225;1246
225;1247
225;1247
225;1247
225;1248
225;1248
225;1248
225;1249
225;1249
225;1250
225;1250
225;1250
225;1251
225;1251
225;1251
225;1252
225;1252
225;1252
225;1253
225;1253
226;1248
226;1248
226;1249
226;1249
226;1249
226;1250
226;1250
226;1250
226;1251
226;1251
226;1252
226;1252
226;1252
226;1253
226;1253
226;1253
226;1254
226;1254
226;1254
226;1255
226;1255
226;1255
226;1256
226;1256
226;1257
226;1257
226;1257
226;1258
226;1258
226;1258
227;1253
227;1253
227;1254
227;1254
227;1255
227;1265
227;1266
227;1266
227;1267
227;1267
227;1267
227;1267
227;1268
227;1268
227;1269
227;1258
227;1259
227;1259
227;1259
227;1260
227;1260
227;1260
227;1261
227;1261
227;1261
227;1262
227;1262
227;1263
227;1263
227;1263
228;1258
228;1258
228;1259
228;1259
228;1260
228;1260
228;1260
228;1261
228;1261
228;1261
228;1262
228;1262
228;1262
228;1263
228;1263
228;1263
228;1264
228;1264
228;1265
228;1265
228;1265
228;1266
228;1266
228;1266
228;1267
228;1267
228;1267
228;1268
228;1268
228;1269
229;1263
229;1264
229;1264
229;1264
229;1265
229;1265
229;1266
229;1266
229;1266
229;1267
229;1267
229;1267
229;1268
229;1279
229;1279
229;1279
229;1280
229;1280
229;1280
229;1281
229;1270
229;1271
229;1271
229;1271
229;1272
229;1272
229;1273
229;1273
229;1273
229;1274
230;1268
230;1280
230;1280
230;1280
230;1281
230;1270
230;1271
230;1271
230;1271
230;1272
230;1272
230;1272
230;1273
230;1273
230;1274
230;1274
230;1274
230;1275
230;1275
230;1275
230;1276
230;1276
230;1276
230;1277
230;1277
230;1277
230;1278
230;1278
230;1279
230;1279
231;1274
231;1274
231;1274
231;1275
231;1275
231;1275
231;1276
231;1276
231;1277
231;1277
231;1277
231;1278
231;1278
231;1278
231;1279
231;1279
231;1279
231;1280
231;1280
231;1281
231;1292
231;1292
231;1292
231;1293
231;1282
231;1283
231;1283
231;1283
231;1284
231;1284
232;1279
232;1279
232;1280
232;1280
232;1280
232;1281
232;1281
232;1281
232;1282
232;1282
232;1282
232;1283
232;1283
232;1283
232;1284
232;1284
232;1285
232;1285
232;1285
232;1286
232;1286
232;1286
232;1287
232;1287
232;1287
232;1288
232;1288
232;1288
232;1289
232;1289
233;1284
233;1284
233;1285
233;1285
233;1285
233;1296
233;1297
233;1297
233;1297
233;1298
233;1298
233;1299
233;1288
233;1289
233;1289
233;1289
233;1290
233;1290
233;1290
233;1291
233;1291
233;1291
233;1292
233;1292
233;1293
233;1293
233;1293
233;1294
233;1294
233;1294
234;1289
234;1289
234;1290
234;1290
234;1291
234;1291
234;1291
234;1292
234;1292
234;1292
234;1293
234;1293
234;1293
234;1294
234;1294
234;1294
234;1295
234;1295
234;1296
234;1296
234;1296
234;1297
234;1308
234;1308
234;1308
234;1309
234;1298
234;1299
234;1299
234;1299
235;1294
235;1295
235;1295
235;1295
235;1296
235;1296
235;1296
235;1297
235;1297
235;1297
235;1298
235;1298
235;1299
235;1299
235;1299
235;1300
235;1300
235;1300
235;1301
235;1301
235;1301
235;1302
235;1302
235;1302
235;1303
235;1303
235;1304
235;1304
235;1304
235;1305
236;1299
236;1300
236;1300
236;1301
236;1301
236;1301
236;1312
236;1313
236;1313
236;1313
236;1314
236;1314
236;1314
236;1304
236;1304
236;1305
236;1305
236;1305
236;1306
236;1306
236;1307
236;1307
236;1307
236;1308
236;1308
236;1308
236;1309
236;1309
236;1309
236;1310
237;1305
237;1305
237;1305
237;1306
237;1306
237;1306
237;1307
237;1307
237;1307
237;1308
237;1308
237;1309
237;1309
237;1309
237;1310
237;1310
237;1310
237;1311
237;1311
237;1311
237;1312
237;1323
237;1323
237;1323
237;1324
237;1313
237;1314
237;1314
237;1315
237;1315
238;1310
238;1310
238;1310
238;1311
238;1311
238;1311
238;1312
238;1312
238;1313
238;1313
238;1313
238;1314
238;1314
238;1314
238;1315
238;1315
238;1315
238;1316
238;1316
238;1316
238;1317
238;1317
238;1328
238;1329
238;1329
238;1329
238;1319
238;1319
238;1320
238;1320
239;1315
239;1315
239;1316
239;1316
239;1316
239;1317
239;1317
239;1317
239;1318
239;1318
239;1318
239;1319
239;1319
239;1319
239;1320
239;1320
239;1321
239;1321
239;1321
239;1322
239;1322
239;1322
239;1323
239;1323
239;1323
239;1324
239;1324
239;1324
239;1325
239;1325
240;1320
240;1320
240;1321
240;1321
240;1321
240;1322
240;1322
240;1323
240;1323
240;1323
240;1324
240;1324
240;1324
240;1325
240;1325
240;1325
240;1326
240;1326
240;1326
240;1327
240;1327
240;1328
240;1328
240;1328
240;1329
240;1329
240;1329
240;1330
240;1330
240;1330
241;1325
241;1326
241;1337
241;1337
241;1337
241;1338
241;1338
241;1338
241;1338
241;1339
241;1339
241;1340
241;1329
241;1330
241;1330
241;1330
241;1331
241;1331
241;1331
241;1332
241;1332
241;1333
241;1333
241;1333
241;1334
241;1334
241;1334
241;1335
241;1335
241;1335
242;1330
242;1331
242;1331
242;1331
242;1332
242;1332
242;1332
242;1333
242;1333
242;1333
242;1334
242;1334
242;1335
242;1335
242;1335
242;1336
242;1336
242;1336
242;1337
242;1337
242;1337
242;1338
242;1338
242;1339
242;1339
242;1339
242;1340
242;1340
242;1340
242;1341
243;1336
243;1336
243;1336
243;1337
243;1337
243;1337
243;1338
243;1338
243;1338
243;1339
243;1350
243;1350
243;1351
243;1351
243;1351
243;1352
243;1352
243;1341
243;1342
243;1342
243;1343
243;1343
243;1343
243;1344
243;1344
243;1344
243;1345
243;1345
243;1345
243;1346
244;1341
244;1341
244;1341
244;1342
244;1342
244;1342
244;1343
244;1343
244;1344
244;1344
244;1344
244;1345
244;1345
244;1345
244;1346
244;1346
244;1346
244;1347
244;1347
244;1347
244;1348
244;1348
244;1349
244;1349
244;1349
244;1350
244;1350
244;1350
244;1351
244;1351
245;1346
245;1346
245;1357
245;1358
245;1358
245;1358
245;1359
245;1359
245;1360
245;1349
245;1349
245;1350
245;1350
245;1351
245;1351
245;1351
245;1352
245;1352
245;1352
245;1353
245;1353
245;1353
245;1354
245;1354
245;1354
245;1355
245;1355
245;1356
245;1356
245;1356
246;1351
246;1351
246;1352
246;1352
246;1353
246;1353
246;1353
246;1354
246;1365
246;1365
246;1365
246;1366
246;1355
246;1356
246;1356
246;1357
246;1357
246;1357
246;1358
246;1358
246;1358
246;1359
246;1359
246;1359
246;1360
246;1360
246;1360
246;1361
246;1361
246;1362
247;1356
247;1357
247;1357
247;1357
247;1358
247;1369
247;1369
247;1370
247;1370
247;1360
247;1360
247;1360
247;1361
247;1361
247;1361
247;1362
247;1362
247;1362
247;1363
247;1363
247;1364
247;1364
247;1364
247;1375
247;1365
247;1365
247;1366
247;1366
247;1366
247;1367
248;1362
248;1362
248;1362
248;1363
248;1363
248;1363
248;1364
248;1364
248;1364
248;1365
248;1365
248;1366
248;1366
248;1366
248;1367
248;1367
248;1367
248;1368
248;1368
248;1379
248;1379
248;1380
248;1380
248;1370
248;1381
248;1371
248;1371
248;1371
248;1372
248;1372
249;1367
249;1367
249;1367
249;1368
249;1368
249;1369
249;1369
249;1369
249;1370
249;1370
249;1370
249;1371
249;1371
249;1371
249;1372
249;1372
249;1372
249;1373
249;1373
249;1373
249;1374
249;1374
249;1374
249;1375
249;1375
249;1376
249;1376
249;1376
249;1377
249;1377
250;1372
250;1372
250;1372
250;1373
250;1373
250;1374
250;1374
250;1374
250;1375
250;1375
250;1375
250;1376
250;1376
250;1376
250;1377
250;1377
250;1377
250;1378
250;1378
250;1389
250;1389
250;1390
250;1390
250;1390
250;1391
250;1391
250;1381
250;1381
250;1381
250;1382
251;1377
251;1377
251;1377
251;1378
251;1378
251;1378
251;1379
251;1379
251;1379
251;1380
251;1380
251;1391
251;1391
251;1392
251;1392
251;1382
251;1382
251;1383
251;1383
251;1383
251;1384
251;1384
251;1384
251;1385
251;1385
251;1385
251;1386
251;1386
251;1386
251;1387
252;1382
252;1382
252;1382
252;1383
252;1383
252;1383
252;1384
252;1384
252;1384
252;1385
252;1385
252;1385
252;1396
252;1397
252;1397
252;1397
252;1387
252;1388
252;1388
252;1388
252;1389
252;1389
252;1389
252;1390
252;1390
252;1390
252;1391
252;1391
252;1391
252;1392
253;1387
253;1387
253;1387
253;1388
253;1388
253;1388
253;1389
253;1389
253;1389
253;1390
253;1390
253;1401
253;1401
253;1401
253;1402
253;1392
253;1392
253;1392
253;1393
253;1393
253;1393
253;1394
253;1394
253;1394
253;1395
253;1395
253;1396
253;1396
253;1396
253;1397
254;1391
254;1392
254;1392
254;1392
254;1393
254;1393
254;1393
254;1394
254;1394
254;1395
254;1395
254;1395
254;1396
254;1396
254;1396
254;1397
254;1397
254;1397
254;1398
254;1398
254;1398
254;1399
254;1399
254;1399
254;1400
254;1400
254;1400
254;1401
254;1401
254;1401
255;1396
255;1397
255;1397
255;1397
255;1398
255;1398
255;1398
255;1399
255;1399
255;1399
255;1400
255;1400
255;1400
255;1401
255;1401
255;1402
255;1402
255;1402
255;1403
255;1403
255;1403
255;1404
255;1414
255;1415
255;1415
255;1415
255;1416
255;1416
255;1416
255;1406
256;1401
256;1401
256;1402
256;1402
256;1402
256;1403
256;1403
256;1404
256;1404
256;1404
256;1405
256;1405
256;1405
256;1406
256;1406
256;1406
256;1407
256;1407
256;1407
256;1408
256;1408
256;1408
256;1409
256;1409
256;1409
256;1410
256;1421
256;1421
256;1421
256;1422
257;1416
257;1417
257;1417
257;1407
257;1407
257;1408
257;1408
257;1408
257;1409
257;1409
257;1409
257;1410
257;1410
257;1410
257;1411
257;1411
257;1412
257;1412
257;1412
257;1413
257;1413
257;1413
257;1414
257;1414
257;1414
257;1415
257;1415
257;1415
257;1416
257;1416
258;1411
258;1411
258;1412
258;1412
258;1412
258;1413
258;1413
258;1413
258;1414
258;1414
258;1425
258;1425
258;1425
258;1426
258;1416
258;1416
258;1416
258;1417
258;1417
258;1417
258;1418
258;1418
258;1418
258;1419
258;1419
258;1420
258;1420
258;1420
258;1421
258;1421
259;1416
259;1416
259;1416
259;1417
259;1417
259;1417
259;1418
259;1418
259;1419
259;1419
259;1419
259;1420
259;1420
259;1420
259;1421
259;1421
259;1421
259;1422
259;1422
259;1422
259;1423
259;1423
259;1423
259;1424
259;1424
259;1424
259;1425
259;1425
259;1425
259;1426
260;1421
260;1421
260;1421
260;1422
260;1422
260;1422
260;1423
260;1433
260;1434
260;1434
260;1434
260;1435
260;1435
260;1436
260;1425
260;1426
260;1426
260;1426
260;1427
260;1427
260;1428
260;1428
260;1428
260;1429
260;1429
260;1429
260;1430
260;1430
260;1430
260;1431
261;1425
261;1426
261;1426
261;1427
261;1427
261;1427
261;1428
261;1428
261;1428
261;1429
261;1429
261;1429
261;1430
261;1430
261;1430
261;1431
261;1431
261;1431
261;1432
261;1432
261;1432
261;1433
261;1433
261;1434
261;1434
261;1434
261;1435
261;1435
261;1446
261;1446
262;1441
262;1441
262;1442
262;1442
262;1442
262;1432
262;1432
262;1433
262;1433
262;1434
262;1434
262;1434
262;1435
262;1435
262;1435
262;1436
262;1436
262;1436
262;1437
262;1437
262;1437
262;1438
262;1438
262;1438
262;1439
262;1439
262;1439
262;1440
262;1440
262;1440
263;1435
263;1436
263;1436
263;1436
263;1437
263;1437
263;1437
263;1438
263;1438
263;1438
263;1439
263;1439
263;1440
263;1440
263;1440
263;1441
263;1441
263;1441
263;1442
263;1442
263;1442
263;1443
263;1443
263;1443
263;1444
263;1444
263;1444
263;1445
263;1445
263;1445
264;1440
264;1441
264;1441
264;1441
264;1442
264;1442
264;1442
264;1443
264;1443
264;1444
264;1444
264;1444
264;1445
264;1445
264;1445
264;1446
264;1446
264;1446
264;1447
264;1447
264;1447
264;1458
264;1458
264;1459
264;1459
264;1459
264;1460
264;1460
264;1450
264;1450
265;1445
265;1446
265;1446
265;1446
265;1447
265;1447
265;1447
265;1448
265;1448
265;1448
265;1449
265;1449
265;1449
265;1450
265;1450
265;1450
265;1451
265;1451
265;1452
265;1452
265;1452
265;1453
265;1453
265;1453
265;1454
265;1454
265;1454
265;1455
265;1455
265;1455
266;1450
266;1451
266;1451
266;1451
266;1452
266;1452
266;1452
266;1453
266;1453
266;1453
266;1454
266;1454
266;1455
266;1455
266;1455
266;1456
266;1456
266;1456
266;1457
266;1457
266;1457
266;1458
266;1458
266;1458
266;1459
266;1459
266;1459
266;1460
266;1460
266;1461
267;1455
267;1456
267;1456
267;1456
267;1457
267;1457
267;1458
267;1458
267;1458
267;1459
267;1459
267;1459
267;1460
267;1460
267;1471
267;1471
267;1472
267;1472
267;1472
267;1473
